COMPOUND_ID,COMPOUND_FORMULA,SMILES,ENRICHMENT,ISOMERS
XS385464a,C12H14N4O,CC(C)NC(=O)c1cn(-c2ccccc2)nn1,10.47950065222222,XS384343a
XS384343a,C12H14N4O,CCn1ncc(C(=O)Nc2ccncc2)c1C,10.47950065222222,XS385464a
Z2999793178,C17H21ClFNO2,CN(C(=O)C1CCOC2(CCCC2)C1)c1ccc(F)cc1Cl,14.531848958888888,Z6262668855
Z6262668855,C18H16FN3O2,COC(=O)C(Nc1nc(F)ccc1C#N)C1Cc2ccccc2C1,14.531848958888888,Z2999793178
Z1540513903,C19H14F3N3O2,O=C(NC(c1cccnc1)c1cccc(C(F)(F)F)c1)c1ccc[n+]([O-])c1,10.761648654444445,Z1773024546
Z1773024546,C16H15F4N3O3,O=C(Nc1ccc(OC(F)F)c2cccnc12)N1CC(F)(F)CC1CO,10.761648654444445,Z1540513903
