COMPOUND_ID,COMPOUND_FORMULA,SMILES,ENRICHMENT,ISOMERS
XS842258a,C20H22N4O2S,O=S(=O)(c1ccc2c(c1)CCC2)N1CCCC(c2nnc3ccccn23)C1,14.474013237777775,XS838461a;XS837160a
XS838461a,C20H22N4O2S,Cc1nn(C2CCS(=O)(=O)C2)c2ncc(-c3ccc4c(c3)CCNC4)cc12,14.474013237777775,XS842258a;XS837160a
XS837160a,C20H22N4O2S,Cc1nn(C)c(C)c1C(C)C(=O)Nc1nc(-c2ccc3c(c2)COC3)cs1,14.474013237777775,XS842258a;XS838461a
XS837346a,C16H18N2O2,CC(COc1ccccc1Oc1ncccn1)C1CC1,15.513457465555556,XS840806a
XS840806a,C16H18N2O2,CCC(C)c1ccc(O)c(NC(=O)c2cccnc2)c1,15.513457465555556,XS837346a
XS840736a,C17H23N5O2,CCN1CCN(C(=O)c2c[nH]c(=O)cc2C)CC1c1nccn1C,11.42435533889062,XS838925a;XS837536a
XS838925a,C17H23N5O2,COCCN(CC1CC=CCC1)C(=O)Nc1ccn2ncnc2c1,11.42435533889062,XS840736a;XS837536a
XS837536a,C17H23N5O2,Cc1nc(N2CC3(CCC3)CC2CC(=O)O)c2c(n1)c(C)nn2C,11.42435533889062,XS840736a;XS838925a
