COMPOUND_ID,COMPOUND_FORMULA,SMILES,ENRICHMENT,ISOMERS
Z1143300245,C16H15N5O2S,CC(NC(=O)c1cccs1)C(=O)Nc1cnccc1-n1cccn1,11.071069444444444,Z1743347254
Z1743347254,C16H15N5O2S,Cc1csc(C(NC(=O)c2cc3c(=O)[nH]cnc3cn2)C2CC2)n1,11.071069444444444,Z1143300245
