COMPOUND_ID,COMPOUND_FORMULA,SMILES,ENRICHMENT,ISOMERS
XS385634a,C16H16N2O2,O=C(c1ccncc1)N1CCC(Oc2ccccc2)C1,12.03220572888889,XS385872a
XS385872a,C16H16N2O2,O=C(c1ccccc1)N1CCC(Oc2cccnc2)C1,12.03220572888889,XS385634a
XS385714a,C17H18N2O3,COc1ccc(C(=O)N2CCC(Oc3cccnc3)C2)cc1,10.983665147777778,XS385754a
XS385754a,C17H18N2O3,COc1ccccc1C(=O)N1CCC(Oc2cccnc2)C1,10.983665147777778,XS385714a
Z2493443321,C20H20N4O2,COc1ccc2c(c1)C(C(=O)Nc1cnccc1-n1cccn1)CCC2,18.940555772222226,Z908024678
Z908024678,C20H20N4O2,CC(NC(=O)Cc1cn(C)c2ccccc12)c1ccc2[nH]c(=O)[nH]c2c1,18.940555772222226,Z2493443321
XS382710a,C21H23N5O2,Cn1nc(CCNC(=O)c2n[nH]c3c2CCc2ccccc2-3)c2c1CCOC2,132.3771388888889,XS381375a
XS381375a,C21H23N5O2,CCCCNc1nc2cc(OC)c(OC)cc2c2nc(-c3ccccc3)nn12,132.3771388888889,XS382710a
