COMPOUND_ID,COMPOUND_FORMULA,SMILES,ENRICHMENT,ISOMERS
Z4275240787,C17H21N7O,Nc1ncnc2c1ncn2C1CCN(Cc2conc2C2CCC2)C1,14.35965212777778,Z552022358
Z552022358,C17H21N7O,CC(Cn1ccnc1)NC(=O)N1CCN(c2cc(C#N)ccn2)CC1,14.35965212777778,Z4275240787
Z2911416838,C17H21NO4S,O=C(O)C1CSCCN(C(=O)c2ccc3c(c2O)CCCC3)C1,10.51398947954168,Z4211271527
Z4211271527,C17H21NO4S,O=C(O)C1(c2cccc(NS(=O)(=O)C3CC34CCC4)c2)CCC1,10.51398947954168,Z2911416838
Z2918602439,C15H15N3O3S,O=c1c2sc3ncccc3c2ncn1CCOC1CCOC1,13.56746875,Z3364479634
Z3364479634,C15H15N3O3S,COc1nscc1NC(=O)c1ccc(C2CCC(=O)N2)cc1,13.56746875,Z2918602439
