COMPOUND_ID,COMPOUND_FORMULA,SMILES,ENRICHMENT,ISOMERS
Z4275240787,C17H21N7O,Nc1ncnc2c1ncn2C1CCN(Cc2conc2C2CCC2)C1,12.657891494444446,Z552022358
Z552022358,C17H21N7O,CC(Cn1ccnc1)NC(=O)N1CCN(c2cc(C#N)ccn2)CC1,12.657891494444446,Z4275240787
Z2911416838,C17H21NO4S,O=C(O)C1CSCCN(C(=O)c2ccc3c(c2O)CCCC3)C1,12.158267431095972,Z4211271527
Z4211271527,C17H21NO4S,O=C(O)C1(c2cccc(NS(=O)(=O)C3CC34CCC4)c2)CCC1,12.158267431095972,Z2911416838
