COMPOUND_ID,COMPOUND_FORMULA,SMILES,ENRICHMENT,ISOMERS
Z4275240787,C17H21N7O,Nc1ncnc2c1ncn2C1CCN(Cc2conc2C2CCC2)C1,13.305479166666666,Z552022358
Z552022358,C17H21N7O,CC(Cn1ccnc1)NC(=O)N1CCN(c2cc(C#N)ccn2)CC1,13.305479166666666,Z4275240787
