COMPOUND_ID,COMPOUND_FORMULA,SMILES,ENRICHMENT,ISOMERS
Z1567291489,C13H15BrN4O2,Cc1cc2c(cc1Br)N(Cc1nc(=O)[nH][nH]1)CC(C)O2,11.237997221780596,Z3016311023
Z3016311023,C13H15BrN4O2,CC(CC(=O)Nc1ncc(Br)cc1CO)n1cccn1,11.237997221780596,Z1567291489
