COMPOUND_ID,COMPOUND_FORMULA,SMILES,ENRICHMENT,ISOMERS
XS380754a,C25H27N3O5,COC(=O)c1ccc(C2c3c(O)n[nH]c3CC(C)(O)C2C(=O)Nc2ccc(C)cc2C)cc1,30.497713543333333,XS381979a
XS381979a,C25H27N3O5,CCOC(=O)CNC(=O)N1Cc2ccccc2-n2cccc2C1c1ccc(OC)c(OC)c1,30.497713543333333,XS380754a
XS380978a,C16H15N3O3,CCC(=O)Nc1cc(C)c(O)c(-c2nc3ncccc3o2)c1,34.29650816898657,XS381456a
XS381456a,C16H15N3O3,Cc1c(C)c2cc(-c3ccnc(N)n3)c(O)c(C)c2oc1=O,34.29650816898657,XS380978a
XS842258a,C20H22N4O2S,O=S(=O)(c1ccc2c(c1)CCC2)N1CCCC(c2nnc3ccccn23)C1,13.116386501111112,XS838461a;XS837160a
XS838461a,C20H22N4O2S,Cc1nn(C2CCS(=O)(=O)C2)c2ncc(-c3ccc4c(c3)CCNC4)cc12,13.116386501111112,XS842258a;XS837160a
XS837160a,C20H22N4O2S,Cc1nn(C)c(C)c1C(C)C(=O)Nc1nc(-c2ccc3c(c2)COC3)cs1,13.116386501111112,XS842258a;XS838461a
XS842116a,C14H18ClF3N2O2,CC(O)(CN1CCC(Oc2cncc(Cl)c2)CC1)C(F)(F)F,11.181782522272686,XS840737a
XS840737a,C17H14N4O4,O=C(NNC(=O)C1COc2ccccc2O1)c1cccc2cn[nH]c12,11.181782522272686,XS842116a
