COMPOUND_ID,COMPOUND_FORMULA,SMILES,ENRICHMENT,ISOMERS
XS386111a,C17H24N2O2,O=C(N[C@@H]1CN(Cc2ccccc2)C[C@H]1CO)C1CCC1,10.892556870457012,XS386290a;XS386781a;XS387007a
XS386290a,C17H24N2O2,CC(=O)N1CC[C@@]2(CO)CN(Cc3ccccc3)C[C@H]2C1,10.892556870457012,XS386111a;XS386781a;XS387007a
XS386781a,C17H24N2O2,C[C@@H]1c2ccccc2CCN1C(=O)CCN1CCOCC1,10.892556870457012,XS386111a;XS386290a;XS387007a
XS387007a,C17H24N2O2,CCC(C(=O)NCCCN1CCCC1=O)c1ccccc1,10.892556870457012,XS386111a;XS386290a;XS386781a
XS385114a,C12H12N4S,CCSc1nnc2c(n1)[nH]c1ccc(C)cc12,36.18574520711304,XS387198a
XS387198a,C12H12N4S,CCn1c2ccccc2c2nnc(SC)nc21,36.18574520711304,XS385114a
XS384823a,C16H14N2O,Cc1ccc(-c2n[nH]c(=O)c3ccccc23)c(C)c1,13.323019935264128,XS385195a
XS385195a,C16H14N2O,CNC(=O)N1c2ccccc2C=Cc2ccccc21,13.323019935264128,XS384823a
