COMPOUND_ID,COMPOUND_FORMULA,SMILES,ENRICHMENT,ISOMERS
XS385114a,C12H12N4S,CCSc1nnc2c(n1)[nH]c1ccc(C)cc12,33.38414210796601,XS387198a
XS387198a,C12H12N4S,CCn1c2ccccc2c2nnc(SC)nc21,33.38414210796601,XS385114a
XS384823a,C16H14N2O,Cc1ccc(-c2n[nH]c(=O)c3ccccc23)c(C)c1,15.722601475049984,XS385195a
XS385195a,C16H14N2O,CNC(=O)N1c2ccccc2C=Cc2ccccc21,15.722601475049984,XS384823a
