COMPOUND_ID,COMPOUND_FORMULA,SMILES,ENRICHMENT,ISOMERS
XS380754a,C25H27N3O5,COC(=O)c1ccc(C2c3c(O)n[nH]c3CC(C)(O)C2C(=O)Nc2ccc(C)cc2C)cc1,34.41294878777778,XS381979a
XS381979a,C25H27N3O5,CCOC(=O)CNC(=O)N1Cc2ccccc2-n2cccc2C1c1ccc(OC)c(OC)c1,34.41294878777778,XS380754a
XS380978a,C16H15N3O3,CCC(=O)Nc1cc(C)c(O)c(-c2nc3ncccc3o2)c1,30.57376990069612,XS381456a
XS381456a,C16H15N3O3,Cc1c(C)c2cc(-c3ccnc(N)n3)c(O)c(C)c2oc1=O,30.57376990069612,XS380978a
XS837346a,C16H18N2O2,CC(COc1ccccc1Oc1ncccn1)C1CC1,14.551893228888888,XS840806a
XS840806a,C16H18N2O2,CCC(C)c1ccc(O)c(NC(=O)c2cccnc2)c1,14.551893228888888,XS837346a
XS841667a,C16H18N2O2,Cc1ccc(-c2ccc(C)c(NC3CCNC3=O)c2)o1,11.881199079658272,XS839093a
XS839093a,C16H18N2O2,O=C(OC1CCC2(CCC2)C1)c1ccc2cncn2c1,11.881199079658272,XS841667a
