ASMS_BATCH_NUM,COMPOUND_ID,COMPOUND_FORMULA,SMILES,POOL_NAME,POOL_ID,POOL_SIZE,PROTEIN_NUMBER,TARGET_ID,PROTEIN_ID,PROTEIN_SEQ,PROTEIN_TAG,INCUBATION_VOLUME,PROTEIN_CONC,COMPOUND_CONC,MS_REPRODUCABILITY,POS_INT_REP1,POS_INT_REP2,POS_INT_REP3,TARGET_VALUE,SELECTIVE_VALUE,NTC_VALUE,ENRICHMENT,SELECTIVE_ENRICHMENT,PVALUE,BINARY_LABEL,SPR,KD,ISOMERS
4,XS385623a,C15H16N4O,O=C(c1ccncc1)N1CCC(Nc2cccnc2)C1,ChemDivB06,ASTPP000933,448,9,TRIM28_Q13263_619_811,,,N_His,250 uL,1,0.1,,6915.510742,5085.908203,5958.61377,5986.677571666667,5986.677571666667,100.0,59.86677571666667,1.0,0.0036524140938097,N,N,,XS385662a
4,XS385662a,C15H16N4O,O=C(c1cccnc1)N1CCC(Nc2cccnc2)C1,ChemDivB06,ASTPP000933,448,9,TRIM28_Q13263_619_811,,,N_His,250 uL,1,0.1,,6915.510742,5085.908203,5958.61377,5986.677571666667,5986.677571666667,100.0,59.86677571666667,1.0,0.0036524140938097,N,N,,XS385623a
4,XS386087a,C18H23N5O,CC(=O)N1CCn2c(nnc2C2CCCN2Cc2ccccc2)C1,ChemDivC03,ASTPP000939,448,9,TRIM28_Q13263_619_811,,,N_His,250 uL,1,0.1,,5066.856934,4585.719238,5797.39502,5149.990397333334,6410.611898,100.0,51.49990397333334,0.8033539511165918,0.0207793378112593,N,N,,XS386147a
4,XS386147a,C18H23N5O,Cc1cnc(C(=O)N2CCCn3ccnc3C2C2CCCC2)cn1,ChemDivC03,ASTPP000939,448,9,TRIM28_Q13263_619_811,,,N_His,250 uL,1,0.1,,5066.856934,4585.719238,5797.39502,5149.990397333334,6410.611898,100.0,51.49990397333334,0.8033539511165918,0.0207793378112593,N,N,,XS386087a
