ASMS_BATCH_NUM,COMPOUND_ID,COMPOUND_FORMULA,SMILES,POOL_NAME,POOL_ID,POOL_SIZE,PROTEIN_NUMBER,TARGET_ID,PROTEIN_ID,PROTEIN_SEQ,PROTEIN_TAG,INCUBATION_VOLUME,PROTEIN_CONC,COMPOUND_CONC,MS_REPRODUCABILITY,POS_INT_REP1,POS_INT_REP2,POS_INT_REP3,TARGET_VALUE,SELECTIVE_VALUE,NTC_VALUE,ENRICHMENT,SELECTIVE_ENRICHMENT,PVALUE,BINARY_LABEL,SPR,KD,ISOMERS
6,Z1567291489,C13H15BrN4O2,Cc1cc2c(cc1Br)N(Cc1nc(=O)[nH][nH]1)CC(C)O2,Chiral6kA07,ASTPP000955,584,2,FLN5_NA_NA_NA,,,N_His,250 uL,1,0.2,,139906.2969,117747.3359,127790.7188,128481.45053333334,128481.45053333334,11432.771160000002,11.237997221780596,1.0,0.0003216422812185,N,N,,Z3016311023
6,Z3016311023,C13H15BrN4O2,CC(CC(=O)Nc1ncc(Br)cc1CO)n1cccn1,Chiral6kA07,ASTPP000955,584,2,FLN5_NA_NA_NA,,,N_His,250 uL,1,0.2,,139906.2969,117747.3359,127790.7188,128481.45053333334,128481.45053333334,11432.771160000002,11.237997221780596,1.0,0.0003216422812185,N,N,,Z1567291489
6,XS382312a,C11H16N6,CCn1cnnc1-c1nn(C)c2c1CNCC2,ChemDivB03,ASTPP000927,448,2,FLN5_NA_NA_NA,,,N_His,250 uL,1,0.2,,94814.6875,84699.98438,85715.85156,88410.17447999999,104680.84636333334,4337.093261999999,20.384660679219675,0.8445687778749895,2.360670549455339e-06,N,N,,PK005210c
6,PK005210c,C11H16N6,CC1CCN(c2ncnc3c2nnn3C)CC1,ChemDivB03,ASTPP000927,448,2,FLN5_NA_NA_NA,,,N_His,250 uL,1,0.2,,94814.6875,84699.98438,85715.85156,88410.17447999999,104680.84636333334,4337.093261999999,20.384660679219675,0.8445687778749895,2.360670549455339e-06,N,N,,XS382312a
6,XS382710a,C21H23N5O2,Cn1nc(CCNC(=O)c2n[nH]c3c2CCc2ccccc2-3)c2c1CCOC2,ChemDivA03,ASTPP000926,448,2,FLN5_NA_NA_NA,,,N_His,250 uL,1,0.2,,189066.8281,209105.1094,216045.5,204739.1458333333,1617236.8333333333,3000.0,68.24638194444445,0.1265981219407052,0.0139549963528798,N,N,,XS381375a
6,XS381375a,C21H23N5O2,CCCCNc1nc2cc(OC)c(OC)cc2c2nc(-c3ccccc3)nn12,ChemDivA03,ASTPP000926,448,2,FLN5_NA_NA_NA,,,N_His,250 uL,1,0.2,,189066.8281,209105.1094,216045.5,204739.1458333333,1617236.8333333333,3000.0,68.24638194444445,0.1265981219407052,0.0139549963528798,N,N,,XS382710a
